{
    "Cameras": [
        {
            "channels": 1,
            "name": "Main",
            "pitch": 0.0,
            "pos": [
                -13.5,
                6.0,
                3.5
            ],
            "yaw": 1.5700000524520874
        }
    ],
    "Light": {
        "channels": 1,
        "pos": [
            10.0,
            5.0,
            0.0
        ]
    },
    "Models": [
        {
            "channels": 3,
            "name": "Sponza",
            "path": "models\\Sponza\\sponza.obj",
            "pos": [
                0.0,
                0.0,
                0.0
            ],
            "rotation": [
                -0.0,
                0.0,
                0.0
            ],
            "scale": [
                0.05000000074505806,
                0.05000000074505806,
                0.05000000074505806
            ]
        },
        {
            "channels": 3,
            "name": "Gobber",
            "path": "models\\gobber\\GoblinX.obj",
            "pos": [
                -8.0,
                10.0,
                0.0
            ],
            "rotation": [
                -0.0,
                -1.5700000524520874,
                0.0
            ],
            "scale": [
                3.999999761581421,
                4.0,
                3.999999761581421
            ]
        },
        {
            "channels": 3,
            "name": "Nano",
            "path": "models\\nano_textured\\nanosuit.obj",
            "pos": [
                27.0,
                -0.5600000023841858,
                1.7000000476837158
            ],
            "rotation": [
                -0.0,
                1.5700000524520874,
                0.0
            ],
            "scale": [
                1.9999998807907104,
                2.0,
                1.9999998807907104
            ]
        }
    ]
}